72,pancreatin,2023-01-01 10:43:51+00:00,BST
73,saber,2023-01-01 10:53:09+00:00,BST
39,darlingnesses,2023-01-01 11:28:56+00:00,BST
94,shackler,2023-01-01 12:55:02+00:00,BST
62,oasis,2023-01-01 15:06:04+00:00,BST
14,phosphene,2023-01-01 10:13:48-05:00,EST
42,jeopardies,2023-01-01 12:33:50-05:00,EST
75,stampeding,2023-01-01 10:37:08-08:00,PDT
86,barogram,2023-01-01 10:45:50-08:00,PDT
73,contretemps,2023-01-01 10:47:48-08:00,PDT
32,blowtube,2023-01-01 14:26:20-05:00,EST
9,playbacks,2023-01-01 11:36:35-08:00,PDT
40,hickies,2023-01-01 15:36:53-05:00,EST
14,pejorative,2023-01-01 20:37:26+00:00,BST
53,baalism,2023-01-01 16:22:41-05:00,EST
4,reordaining,2023-01-01 21:32:17+00:00,BST
71,wanning,2023-01-01 22:41:17+00:00,BST
53,rodsmen,2023-01-01 22:53:01+00:00,BST
72,continences,2023-01-01 18:39:08-05:00,EST
96,flight,2023-01-01 19:25:12-05:00,EST
67,documentarian,2023-01-02 00:38:22+00:00,BST
92,fictitiously,2023-01-01 16:45:07-08:00,PDT
47,pentenes,2023-01-01 20:00:36-05:00,EST
93,toploftily,2023-01-01 20:29:50-05:00,EST
99,disbudding,2023-01-02 02:02:23+00:00,BST
53,melanoblasts,2023-01-01 18:29:52-08:00,PDT
64,eightieths,2023-01-01 23:48:31-08:00,PDT
11,optic,2023-01-02 00:38:33-08:00,PDT
23,desirable,2023-01-02 04:00:44-05:00,EST
53,angstrom,2023-01-02 09:20:06+00:00,BST
36,distributions,2023-01-02 09:26:36+00:00,BST
75,kerygmatic,2023-01-02 02:13:52-08:00,PDT
35,cumbrousnesses,2023-01-02 02:15:19-08:00,PDT
57,precipitants,2023-01-02 06:36:24-05:00,EST
72,overlive,2023-01-02 12:04:21+00:00,BST
49,regrade,2023-01-02 13:50:56+00:00,BST
70,destructed,2023-01-02 14:03:50+00:00,BST
94,salty,2023-01-02 06:34:33-08:00,PDT
11,appraisement,2023-01-02 15:21:26+00:00,BST
2,pentlandites,2023-01-02 10:46:56-05:00,EST
15,pursued,2023-01-02 15:59:55+00:00,BST
57,disappointingly,2023-01-02 11:39:48-05:00,EST
93,interorganizational,2023-01-02 12:03:36-05:00,EST
61,vivace,2023-01-02 10:42:08-08:00,PDT
21,postoral,2023-01-02 10:44:03-08:00,PDT
95,intertilling,2023-01-02 16:12:38-05:00,EST
1,blueberry,2023-01-02 21:14:39+00:00,BST
26,chitters,2023-01-02 22:34:02+00:00,BST
61,discontinue,2023-01-02 17:39:11-05:00,EST
79,fennel,2023-01-02 23:14:51+00:00,BST
62,reconstructionisms,2023-01-02 23:31:36+00:00,BST
82,technobabble,2023-01-02 16:32:29-08:00,PDT
62,overdecorations,2023-01-02 19:36:42-05:00,EST
97,magian,2023-01-02 20:01:45-05:00,EST
31,dusked,2023-01-03 01:04:37+00:00,BST
4,basswood,2023-01-02 20:08:27-05:00,EST
33,bronchos,2023-01-03 01:28:06+00:00,BST
29,gobbled,2023-01-02 21:14:21-05:00,EST
78,pulpier,2023-01-03 02:19:44+00:00,BST
16,reunion,2023-01-02 18:54:20-08:00,PDT
8,unreliability,2023-01-03 03:44:30+00:00,BST
59,lingonberry,2023-01-02 20:42:27-08:00,PDT
43,ballasting,2023-01-03 00:07:03-05:00,EST
16,misevent,2023-01-02 21:26:48-08:00,PDT
66,icelike,2023-01-03 05:28:17+00:00,BST
78,unroofs,2023-01-03 05:48:36+00:00,BST
36,intention,2023-01-02 22:09:32-08:00,PDT
9,postpositionally,2023-01-02 22:22:16-08:00,PDT
80,epidendrums,2023-01-03 01:24:11-05:00,EST
6,quercitron,2023-01-03 06:44:13+00:00,BST
87,proliferates,2023-01-02 23:23:39-08:00,PDT
83,cosset,2023-01-03 07:26:49+00:00,BST
57,deratted,2023-01-02 23:53:11-08:00,PDT
39,advisee,2023-01-03 00:24:22-08:00,PDT
68,interunions,2023-01-03 04:11:28-05:00,EST
75,utmosts,2023-01-03 04:16:20-05:00,EST
100,tsatske,2023-01-03 04:32:58-05:00,EST
28,anaphylactic,2023-01-03 04:38:28-05:00,EST
61,cytosols,2023-01-03 04:46:50-05:00,EST
7,plazas,2023-01-03 05:08:08-05:00,EST
83,refurnish,2023-01-03 05:43:31-05:00,EST
70,triplexes,2023-01-03 12:22:01+00:00,BST
42,waterproofs,2023-01-03 07:23:22-05:00,EST
68,prophasic,2023-01-03 07:25:57-05:00,EST
27,intervenor,2023-01-03 04:44:33-08:00,PDT
70,constitution,2023-01-03 08:31:37-05:00,EST
20,wainscotted,2023-01-03 06:06:06-08:00,PDT
77,repulser,2023-01-03 10:19:41-05:00,EST
60,outlawing,2023-01-03 11:42:40-05:00,EST
66,dethrones,2023-01-03 20:11:24+00:00,BST
14,pioneers,2023-01-03 12:50:01-08:00,PDT
17,perspectival,2023-01-03 21:28:49+00:00,BST
47,subtleties,2023-01-03 17:41:13-05:00,EST
91,punkers,2023-01-03 16:08:26-08:00,PDT
81,slatternly,2023-01-03 19:57:29-05:00,EST
97,fujis,2023-01-04 01:07:17+00:00,BST
41,racquets,2023-01-03 20:19:58-05:00,EST
86,criteria,2023-01-04 01:52:34+00:00,BST
99,donnicker,2023-01-04 02:52:03+00:00,BST
68,captivator,2023-01-03 19:39:06-08:00,PDT
41,nutlets,2023-01-03 22:39:58-05:00,EST
41,glycosaminoglycan,2023-01-04 03:44:41+00:00,BST
2,overfocussing,2023-01-03 22:49:34-05:00,EST
21,judicatories,2023-01-03 20:17:35-08:00,PDT
24,shedders,2023-01-04 00:04:01-05:00,EST
55,confiscatable,2023-01-04 06:08:32+00:00,BST
65,preferring,2023-01-04 01:10:22-05:00,EST
70,district,2023-01-03 22:21:41-08:00,PDT
82,gibbon,2023-01-04 06:48:22+00:00,BST
78,finless,2023-01-04 02:05:52-05:00,EST
1,usablenesses,2023-01-04 03:11:31-05:00,EST
70,fuzziness,2023-01-04 03:03:47-08:00,PDT
84,cilia,2023-01-04 06:13:47-05:00,EST
80,philhellenes,2023-01-04 11:33:05+00:00,BST
9,replanting,2023-01-04 06:35:22-05:00,EST
65,istles,2023-01-04 04:18:59-08:00,PDT
92,metafictionists,2023-01-04 08:46:08-05:00,EST
12,tattletale,2023-01-04 14:39:50+00:00,BST
40,starnoses,2023-01-04 15:07:27+00:00,BST
12,loganberry,2023-01-04 07:17:55-08:00,PDT
76,antiorganization,2023-01-04 15:19:04+00:00,BST
78,puparial,2023-01-04 11:22:31-05:00,EST
23,drylots,2023-01-04 08:23:37-08:00,PDT
100,arbute,2023-01-04 17:02:56+00:00,BST
18,patelliform,2023-01-04 09:13:28-08:00,PDT
14,endothecia,2023-01-04 09:49:55-08:00,PDT
71,turban,2023-01-04 19:21:28+00:00,BST
52,pars,2023-01-04 15:30:26-05:00,EST
89,lazaret,2023-01-04 20:44:32+00:00,BST
29,jujuisms,2023-01-04 20:54:32+00:00,BST
16,sploshing,2023-01-04 22:22:14+00:00,BST
10,propylaeum,2023-01-04 22:45:29+00:00,BST
35,lowse,2023-01-04 22:45:52+00:00,BST
69,dogmatisms,2023-01-04 14:59:43-08:00,PDT
36,lonely,2023-01-04 15:18:46-08:00,PDT
77,morganite,2023-01-04 18:44:22-05:00,EST
10,splendidnesses,2023-01-04 21:11:40-05:00,EST
23,chaps,2023-01-04 19:17:34-08:00,PDT
60,categorises,2023-01-04 20:13:25-08:00,PDT
76,reannexing,2023-01-04 23:04:13-08:00,PDT
8,imperfect,2023-01-05 07:36:26+00:00,BST
42,stillest,2023-01-05 08:52:03+00:00,BST
31,nymphs,2023-01-05 05:31:10-05:00,EST
70,confervae,2023-01-05 11:20:34+00:00,BST
21,padri,2023-01-05 06:34:55-05:00,EST
65,electrocardiographs,2023-01-05 14:43:12+00:00,BST
69,reword,2023-01-05 15:25:11+00:00,BST
1,skiting,2023-01-05 15:35:56+00:00,BST
86,mandragora,2023-01-05 10:50:07-05:00,EST
86,dazing,2023-01-05 17:16:49+00:00,BST
50,overdetermined,2023-01-05 10:47:26-08:00,PDT
5,upwardnesses,2023-01-05 14:06:07-05:00,EST
87,interested,2023-01-05 20:25:35+00:00,BST
77,momentos,2023-01-05 13:11:23-08:00,PDT
7,implication,2023-01-05 13:17:30-08:00,PDT
97,pipes,2023-01-05 17:40:23-05:00,EST
31,deinstitutionalized,2023-01-05 17:41:36-05:00,EST
76,fenugreeks,2023-01-05 14:50:49-08:00,PDT
1,supremest,2023-01-06 00:10:41+00:00,BST
75,felloes,2023-01-05 16:19:28-08:00,PDT
89,mujiks,2023-01-05 17:36:42-08:00,PDT
89,ideationally,2023-01-05 20:52:14-05:00,EST
71,countess,2023-01-06 02:28:17+00:00,BST
85,gismos,2023-01-06 02:31:01+00:00,BST
41,censuses,2023-01-05 20:38:06-08:00,PDT
84,spidery,2023-01-06 04:53:23+00:00,BST
3,slaked,2023-01-05 21:00:15-08:00,PDT
78,unready,2023-01-06 05:11:01+00:00,BST
10,coster,2023-01-05 22:19:24-08:00,PDT
92,collisional,2023-01-06 01:28:59-05:00,EST
47,dodecagons,2023-01-06 02:30:41-05:00,EST
85,redevelop,2023-01-06 08:52:52+00:00,BST
17,epistome,2023-01-06 04:09:37-05:00,EST
5,nags,2023-01-06 02:47:17-08:00,PDT
33,hydroxyurea,2023-01-06 07:27:38-05:00,EST
5,quicksteps,2023-01-06 06:42:09-08:00,PDT
47,paralysed,2023-01-06 14:48:24+00:00,BST
83,monopolizing,2023-01-06 15:20:07+00:00,BST
11,clitella,2023-01-06 12:14:17-05:00,EST
4,caressive,2023-01-06 13:17:25-05:00,EST
67,cyaniding,2023-01-06 18:39:05+00:00,BST
26,zeta,2023-01-06 11:12:38-08:00,PDT
82,antibaryons,2023-01-06 11:32:20-08:00,PDT
11,loquacity,2023-01-06 20:19:04+00:00,BST
95,frizzlers,2023-01-06 13:11:05-08:00,PDT
74,dinucleotide,2023-01-06 16:23:48-05:00,EST
100,triclinia,2023-01-06 22:03:28+00:00,BST
73,combe,2023-01-06 14:36:46-08:00,PDT
69,triskele,2023-01-06 15:18:35-08:00,PDT
65,bust,2023-01-06 19:03:06-05:00,EST
20,tiddlers,2023-01-07 02:45:55+00:00,BST
73,overacted,2023-01-06 21:49:38-05:00,EST
24,anemometers,2023-01-07 04:04:24+00:00,BST
37,nonnumericals,2023-01-07 05:55:33+00:00,BST
73,broached,2023-01-07 06:21:42+00:00,BST
64,uniformest,2023-01-06 22:42:05-08:00,PDT
7,completion,2023-01-07 08:50:33+00:00,BST
22,aquatically,2023-01-07 03:34:22-08:00,PDT
10,keeping,2023-01-07 03:47:47-08:00,PDT
41,bounciest,2023-01-07 13:41:20+00:00,BST
27,spanceled,2023-01-07 05:47:26-08:00,PDT
65,dicty,2023-01-07 09:36:38-05:00,EST
33,twangle,2023-01-07 11:07:55-05:00,EST
87,interparish,2023-01-07 08:27:46-08:00,PDT
43,brawliest,2023-01-07 16:38:00+00:00,BST
93,irides,2023-01-07 18:33:53+00:00,BST
58,insusceptibility,2023-01-07 19:42:45+00:00,BST
88,rhythmical,2023-01-07 19:48:01+00:00,BST
98,hatcher,2023-01-07 16:56:51-05:00,EST
77,venters,2023-01-07 14:12:19-08:00,PDT
72,expansive,2023-01-07 17:16:05-05:00,EST
48,pacesetters,2023-01-07 15:47:31-08:00,PDT
7,nobleness,2023-01-07 16:36:23-08:00,PDT
19,foisted,2023-01-08 00:40:53+00:00,BST
89,blueweed,2023-01-07 19:41:42-05:00,EST
7,laky,2023-01-07 19:55:04-05:00,EST
36,yummy,2023-01-07 17:08:02-08:00,PDT
85,caseic,2023-01-07 18:28:40-08:00,PDT
96,biomathematician,2023-01-07 18:48:31-08:00,PDT
59,menders,2023-01-07 18:57:56-08:00,PDT
98,brainstormed,2023-01-07 19:28:13-08:00,PDT
77,topful,2023-01-07 20:49:14-08:00,PDT
49,nicked,2023-01-07 21:42:57-08:00,PDT
98,lobotomized,2023-01-08 01:00:12-05:00,EST
4,takable,2023-01-08 08:46:09+00:00,BST
81,submerges,2023-01-08 01:02:01-08:00,PDT
38,gigots,2023-01-08 01:13:11-08:00,PDT
5,cerise,2023-01-08 10:00:40+00:00,BST
24,liberating,2023-01-08 05:25:38-05:00,EST
32,recommencing,2023-01-08 05:34:25-05:00,EST
64,apparentness,2023-01-08 06:07:33-05:00,EST
65,identifies,2023-01-08 08:12:41-05:00,EST
51,hasting,2023-01-08 15:48:31+00:00,BST
32,fruitfulness,2023-01-08 17:27:57+00:00,BST
43,titillatingly,2023-01-08 17:30:06+00:00,BST
11,slothful,2023-01-08 18:08:16+00:00,BST
49,frazils,2023-01-08 18:12:21+00:00,BST
12,solitudinarians,2023-01-08 10:23:13-08:00,PDT
16,ravins,2023-01-08 18:37:16+00:00,BST
7,pangenesis,2023-01-08 11:46:55-08:00,PDT
91,imbricating,2023-01-08 16:01:15-05:00,EST
69,postponements,2023-01-08 13:31:03-08:00,PDT
59,multigerm,2023-01-08 14:31:45-08:00,PDT
79,defrayer,2023-01-09 00:34:54+00:00,BST
33,ultraprecisions,2023-01-08 21:11:29-08:00,PDT
6,cyclotrons,2023-01-08 21:50:15-08:00,PDT
28,truisms,2023-01-09 01:33:37-05:00,EST
92,lochia,2023-01-09 01:34:54-05:00,EST
61,scannable,2023-01-09 05:22:22-05:00,EST
79,relinquishes,2023-01-09 07:14:41-05:00,EST
63,underemphasizes,2023-01-09 12:41:27+00:00,BST
9,adularias,2023-01-09 12:56:44+00:00,BST
63,chippers,2023-01-09 05:00:31-08:00,PDT
76,ameliorator,2023-01-09 05:26:51-08:00,PDT
11,muns,2023-01-09 08:48:10-05:00,EST
76,when,2023-01-09 13:56:19+00:00,BST
62,cenobitic,2023-01-09 10:51:56-05:00,EST
92,emendates,2023-01-09 14:52:32-05:00,EST
16,backpacker,2023-01-09 23:21:56+00:00,BST
7,lovelily,2023-01-09 17:10:19-08:00,PDT
59,disputants,2023-01-09 17:19:30-08:00,PDT
59,catatonias,2023-01-09 20:27:43-05:00,EST
57,sternutations,2023-01-09 17:33:00-08:00,PDT
70,barquentines,2023-01-09 19:25:57-08:00,PDT
66,appreciatory,2023-01-09 20:38:34-08:00,PDT
23,voicelessness,2023-01-10 04:39:32+00:00,BST
30,antiphonies,2023-01-09 21:56:15-08:00,PDT
72,preestablish,2023-01-09 22:15:12-08:00,PDT
46,overbill,2023-01-10 01:52:57-05:00,EST
67,stubblier,2023-01-10 01:52:59-05:00,EST
61,cabriole,2023-01-10 00:34:16-08:00,PDT
24,indorsed,2023-01-10 09:19:24+00:00,BST
17,shamus,2023-01-10 06:19:38-05:00,EST
5,lagomorph,2023-01-10 04:03:09-08:00,PDT
3,yoni,2023-01-10 07:06:06-05:00,EST
23,daintier,2023-01-10 08:59:22-05:00,EST
100,workable,2023-01-10 14:30:00+00:00,BST
61,stiped,2023-01-10 09:42:50-05:00,EST
45,drifted,2023-01-10 09:51:22-05:00,EST
66,impregnant,2023-01-10 10:15:09-05:00,EST
93,thorniest,2023-01-10 15:19:19+00:00,BST
93,rapini,2023-01-10 16:09:26+00:00,BST
9,masterfulnesses,2023-01-10 16:11:11+00:00,BST
54,flaxes,2023-01-10 08:11:48-08:00,PDT
21,preposition,2023-01-10 11:15:19-05:00,EST
94,brushwork,2023-01-10 12:40:01-05:00,EST
14,oligopsonies,2023-01-10 10:04:22-08:00,PDT
2,scopula,2023-01-10 10:08:58-08:00,PDT
63,monomial,2023-01-10 13:43:20-05:00,EST
5,landing,2023-01-10 20:18:38+00:00,BST
28,solgel,2023-01-10 13:04:26-08:00,PDT
16,stepsister,2023-01-10 13:06:35-08:00,PDT
29,rewriters,2023-01-10 16:46:58-05:00,EST
56,resynthesizes,2023-01-10 14:14:24-08:00,PDT
80,ceremonially,2023-01-10 17:24:41-05:00,EST
75,illustriousnesses,2023-01-10 17:34:42-05:00,EST
45,brassily,2023-01-10 17:13:04-08:00,PDT
42,misattributing,2023-01-10 18:54:48-08:00,PDT
80,cager,2023-01-10 22:14:46-08:00,PDT
15,lagged,2023-01-10 22:26:06-08:00,PDT
