14,phosphene,2023-01-01 10:13:48
42,jeopardies,2023-01-01 12:33:50
32,blowtube,2023-01-01 14:26:20
40,hickies,2023-01-01 15:36:53
53,baalism,2023-01-01 16:22:41
72,continences,2023-01-01 18:39:08
96,flight,2023-01-01 19:25:12
47,pentenes,2023-01-01 20:00:36
93,toploftily,2023-01-01 20:29:50
23,desirable,2023-01-02 04:00:44
57,precipitants,2023-01-02 06:36:24
2,pentlandites,2023-01-02 10:46:56
57,disappointingly,2023-01-02 11:39:48
93,interorganizational,2023-01-02 12:03:36
95,intertilling,2023-01-02 16:12:38
61,discontinue,2023-01-02 17:39:11
62,overdecorations,2023-01-02 19:36:42
97,magian,2023-01-02 20:01:45
4,basswood,2023-01-02 20:08:27
29,gobbled,2023-01-02 21:14:21
43,ballasting,2023-01-03 00:07:03
80,epidendrums,2023-01-03 01:24:11
68,interunions,2023-01-03 04:11:28
75,utmosts,2023-01-03 04:16:20
100,tsatske,2023-01-03 04:32:58
28,anaphylactic,2023-01-03 04:38:28
61,cytosols,2023-01-03 04:46:50
7,plazas,2023-01-03 05:08:08
83,refurnish,2023-01-03 05:43:31
42,waterproofs,2023-01-03 07:23:22
68,prophasic,2023-01-03 07:25:57
70,constitution,2023-01-03 08:31:37
77,repulser,2023-01-03 10:19:41
60,outlawing,2023-01-03 11:42:40
47,subtleties,2023-01-03 17:41:13
81,slatternly,2023-01-03 19:57:29
41,racquets,2023-01-03 20:19:58
41,nutlets,2023-01-03 22:39:58
2,overfocussing,2023-01-03 22:49:34
24,shedders,2023-01-04 00:04:01
65,preferring,2023-01-04 01:10:22
78,finless,2023-01-04 02:05:52
1,usablenesses,2023-01-04 03:11:31
84,cilia,2023-01-04 06:13:47
9,replanting,2023-01-04 06:35:22
92,metafictionists,2023-01-04 08:46:08
78,puparial,2023-01-04 11:22:31
52,pars,2023-01-04 15:30:26
77,morganite,2023-01-04 18:44:22
10,splendidnesses,2023-01-04 21:11:40
31,nymphs,2023-01-05 05:31:10
21,padri,2023-01-05 06:34:55
86,mandragora,2023-01-05 10:50:07
5,upwardnesses,2023-01-05 14:06:07
97,pipes,2023-01-05 17:40:23
31,deinstitutionalized,2023-01-05 17:41:36
89,ideationally,2023-01-05 20:52:14
92,collisional,2023-01-06 01:28:59
47,dodecagons,2023-01-06 02:30:41
17,epistome,2023-01-06 04:09:37
33,hydroxyurea,2023-01-06 07:27:38
11,clitella,2023-01-06 12:14:17
4,caressive,2023-01-06 13:17:25
74,dinucleotide,2023-01-06 16:23:48
65,bust,2023-01-06 19:03:06
73,overacted,2023-01-06 21:49:38
65,dicty,2023-01-07 09:36:38
33,twangle,2023-01-07 11:07:55
98,hatcher,2023-01-07 16:56:51
72,expansive,2023-01-07 17:16:05
89,blueweed,2023-01-07 19:41:42
7,laky,2023-01-07 19:55:04
98,lobotomized,2023-01-08 01:00:12
24,liberating,2023-01-08 05:25:38
32,recommencing,2023-01-08 05:34:25
64,apparentness,2023-01-08 06:07:33
65,identifies,2023-01-08 08:12:41
91,imbricating,2023-01-08 16:01:15
28,truisms,2023-01-09 01:33:37
92,lochia,2023-01-09 01:34:54
61,scannable,2023-01-09 05:22:22
79,relinquishes,2023-01-09 07:14:41
11,muns,2023-01-09 08:48:10
62,cenobitic,2023-01-09 10:51:56
92,emendates,2023-01-09 14:52:32
59,catatonias,2023-01-09 20:27:43
46,overbill,2023-01-10 01:52:57
67,stubblier,2023-01-10 01:52:59
17,shamus,2023-01-10 06:19:38
3,yoni,2023-01-10 07:06:06
23,daintier,2023-01-10 08:59:22
61,stiped,2023-01-10 09:42:50
45,drifted,2023-01-10 09:51:22
66,impregnant,2023-01-10 10:15:09
21,preposition,2023-01-10 11:15:19
94,brushwork,2023-01-10 12:40:01
63,monomial,2023-01-10 13:43:20
29,rewriters,2023-01-10 16:46:58
80,ceremonially,2023-01-10 17:24:41
75,illustriousnesses,2023-01-10 17:34:42
