75,stampeding,2023-01-01 10:37:08
86,barogram,2023-01-01 10:45:50
73,contretemps,2023-01-01 10:47:48
9,playbacks,2023-01-01 11:36:35
92,fictitiously,2023-01-01 16:45:07
53,melanoblasts,2023-01-01 18:29:52
64,eightieths,2023-01-01 23:48:31
11,optic,2023-01-02 00:38:33
75,kerygmatic,2023-01-02 02:13:52
35,cumbrousnesses,2023-01-02 02:15:19
94,salty,2023-01-02 06:34:33
61,vivace,2023-01-02 10:42:08
21,postoral,2023-01-02 10:44:03
82,technobabble,2023-01-02 16:32:29
16,reunion,2023-01-02 18:54:20
59,lingonberry,2023-01-02 20:42:27
16,misevent,2023-01-02 21:26:48
36,intention,2023-01-02 22:09:32
9,postpositionally,2023-01-02 22:22:16
87,proliferates,2023-01-02 23:23:39
57,deratted,2023-01-02 23:53:11
39,advisee,2023-01-03 00:24:22
27,intervenor,2023-01-03 04:44:33
20,wainscotted,2023-01-03 06:06:06
14,pioneers,2023-01-03 12:50:01
91,punkers,2023-01-03 16:08:26
68,captivator,2023-01-03 19:39:06
21,judicatories,2023-01-03 20:17:35
70,district,2023-01-03 22:21:41
70,fuzziness,2023-01-04 03:03:47
65,istles,2023-01-04 04:18:59
12,loganberry,2023-01-04 07:17:55
23,drylots,2023-01-04 08:23:37
18,patelliform,2023-01-04 09:13:28
14,endothecia,2023-01-04 09:49:55
69,dogmatisms,2023-01-04 14:59:43
36,lonely,2023-01-04 15:18:46
23,chaps,2023-01-04 19:17:34
60,categorises,2023-01-04 20:13:25
76,reannexing,2023-01-04 23:04:13
50,overdetermined,2023-01-05 10:47:26
77,momentos,2023-01-05 13:11:23
7,implication,2023-01-05 13:17:30
76,fenugreeks,2023-01-05 14:50:49
75,felloes,2023-01-05 16:19:28
89,mujiks,2023-01-05 17:36:42
41,censuses,2023-01-05 20:38:06
3,slaked,2023-01-05 21:00:15
10,coster,2023-01-05 22:19:24
5,nags,2023-01-06 02:47:17
5,quicksteps,2023-01-06 06:42:09
26,zeta,2023-01-06 11:12:38
82,antibaryons,2023-01-06 11:32:20
95,frizzlers,2023-01-06 13:11:05
73,combe,2023-01-06 14:36:46
69,triskele,2023-01-06 15:18:35
64,uniformest,2023-01-06 22:42:05
22,aquatically,2023-01-07 03:34:22
10,keeping,2023-01-07 03:47:47
27,spanceled,2023-01-07 05:47:26
87,interparish,2023-01-07 08:27:46
77,venters,2023-01-07 14:12:19
48,pacesetters,2023-01-07 15:47:31
7,nobleness,2023-01-07 16:36:23
36,yummy,2023-01-07 17:08:02
85,caseic,2023-01-07 18:28:40
96,biomathematician,2023-01-07 18:48:31
59,menders,2023-01-07 18:57:56
98,brainstormed,2023-01-07 19:28:13
77,topful,2023-01-07 20:49:14
49,nicked,2023-01-07 21:42:57
81,submerges,2023-01-08 01:02:01
38,gigots,2023-01-08 01:13:11
12,solitudinarians,2023-01-08 10:23:13
7,pangenesis,2023-01-08 11:46:55
69,postponements,2023-01-08 13:31:03
59,multigerm,2023-01-08 14:31:45
33,ultraprecisions,2023-01-08 21:11:29
6,cyclotrons,2023-01-08 21:50:15
63,chippers,2023-01-09 05:00:31
76,ameliorator,2023-01-09 05:26:51
7,lovelily,2023-01-09 17:10:19
59,disputants,2023-01-09 17:19:30
57,sternutations,2023-01-09 17:33:00
70,barquentines,2023-01-09 19:25:57
66,appreciatory,2023-01-09 20:38:34
30,antiphonies,2023-01-09 21:56:15
72,preestablish,2023-01-09 22:15:12
61,cabriole,2023-01-10 00:34:16
5,lagomorph,2023-01-10 04:03:09
54,flaxes,2023-01-10 08:11:48
14,oligopsonies,2023-01-10 10:04:22
2,scopula,2023-01-10 10:08:58
28,solgel,2023-01-10 13:04:26
16,stepsister,2023-01-10 13:06:35
56,resynthesizes,2023-01-10 14:14:24
45,brassily,2023-01-10 17:13:04
42,misattributing,2023-01-10 18:54:48
80,cager,2023-01-10 22:14:46
15,lagged,2023-01-10 22:26:06
