72,pancreatin,2023-01-01 10:43:51
73,saber,2023-01-01 10:53:09
39,darlingnesses,2023-01-01 11:28:56
94,shackler,2023-01-01 12:55:02
62,oasis,2023-01-01 15:06:04
14,pejorative,2023-01-01 20:37:26
4,reordaining,2023-01-01 21:32:17
71,wanning,2023-01-01 22:41:17
53,rodsmen,2023-01-01 22:53:01
67,documentarian,2023-01-02 00:38:22
99,disbudding,2023-01-02 02:02:23
53,angstrom,2023-01-02 09:20:06
36,distributions,2023-01-02 09:26:36
72,overlive,2023-01-02 12:04:21
49,regrade,2023-01-02 13:50:56
70,destructed,2023-01-02 14:03:50
11,appraisement,2023-01-02 15:21:26
15,pursued,2023-01-02 15:59:55
1,blueberry,2023-01-02 21:14:39
26,chitters,2023-01-02 22:34:02
79,fennel,2023-01-02 23:14:51
62,reconstructionisms,2023-01-02 23:31:36
31,dusked,2023-01-03 01:04:37
33,bronchos,2023-01-03 01:28:06
78,pulpier,2023-01-03 02:19:44
8,unreliability,2023-01-03 03:44:30
66,icelike,2023-01-03 05:28:17
78,unroofs,2023-01-03 05:48:36
6,quercitron,2023-01-03 06:44:13
83,cosset,2023-01-03 07:26:49
70,triplexes,2023-01-03 12:22:01
66,dethrones,2023-01-03 20:11:24
17,perspectival,2023-01-03 21:28:49
97,fujis,2023-01-04 01:07:17
86,criteria,2023-01-04 01:52:34
99,donnicker,2023-01-04 02:52:03
41,glycosaminoglycan,2023-01-04 03:44:41
55,confiscatable,2023-01-04 06:08:32
82,gibbon,2023-01-04 06:48:22
80,philhellenes,2023-01-04 11:33:05
12,tattletale,2023-01-04 14:39:50
40,starnoses,2023-01-04 15:07:27
76,antiorganization,2023-01-04 15:19:04
100,arbute,2023-01-04 17:02:56
71,turban,2023-01-04 19:21:28
89,lazaret,2023-01-04 20:44:32
29,jujuisms,2023-01-04 20:54:32
16,sploshing,2023-01-04 22:22:14
10,propylaeum,2023-01-04 22:45:29
35,lowse,2023-01-04 22:45:52
8,imperfect,2023-01-05 07:36:26
42,stillest,2023-01-05 08:52:03
70,confervae,2023-01-05 11:20:34
65,electrocardiographs,2023-01-05 14:43:12
69,reword,2023-01-05 15:25:11
1,skiting,2023-01-05 15:35:56
86,dazing,2023-01-05 17:16:49
87,interested,2023-01-05 20:25:35
1,supremest,2023-01-06 00:10:41
71,countess,2023-01-06 02:28:17
85,gismos,2023-01-06 02:31:01
84,spidery,2023-01-06 04:53:23
78,unready,2023-01-06 05:11:01
85,redevelop,2023-01-06 08:52:52
47,paralysed,2023-01-06 14:48:24
83,monopolizing,2023-01-06 15:20:07
67,cyaniding,2023-01-06 18:39:05
11,loquacity,2023-01-06 20:19:04
100,triclinia,2023-01-06 22:03:28
20,tiddlers,2023-01-07 02:45:55
24,anemometers,2023-01-07 04:04:24
37,nonnumericals,2023-01-07 05:55:33
73,broached,2023-01-07 06:21:42
7,completion,2023-01-07 08:50:33
41,bounciest,2023-01-07 13:41:20
43,brawliest,2023-01-07 16:38:00
93,irides,2023-01-07 18:33:53
58,insusceptibility,2023-01-07 19:42:45
88,rhythmical,2023-01-07 19:48:01
19,foisted,2023-01-08 00:40:53
4,takable,2023-01-08 08:46:09
5,cerise,2023-01-08 10:00:40
51,hasting,2023-01-08 15:48:31
32,fruitfulness,2023-01-08 17:27:57
43,titillatingly,2023-01-08 17:30:06
11,slothful,2023-01-08 18:08:16
49,frazils,2023-01-08 18:12:21
16,ravins,2023-01-08 18:37:16
79,defrayer,2023-01-09 00:34:54
63,underemphasizes,2023-01-09 12:41:27
9,adularias,2023-01-09 12:56:44
76,when,2023-01-09 13:56:19
16,backpacker,2023-01-09 23:21:56
23,voicelessness,2023-01-10 04:39:32
24,indorsed,2023-01-10 09:19:24
100,workable,2023-01-10 14:30:00
93,thorniest,2023-01-10 15:19:19
93,rapini,2023-01-10 16:09:26
9,masterfulnesses,2023-01-10 16:11:11
5,landing,2023-01-10 20:18:38
